id,first_name,last_name,email,contact_number
22222222-0000-0000-0000-000000000001,Alexey,Morozov,alexey.morozov@example.com,+77010000001
22222222-0000-0000-0000-000000000002,Maria,Petrova,maria.petrova@example.com,+77010000002
22222222-0000-0000-0000-000000000003,Sergey,Ivanov,sergey.ivanov@example.com,+77010000003
22222222-0000-0000-0000-000000000004,Elena,Kuznetsova,elena.kuznetsova@example.com,+77010000004
22222222-0000-0000-0000-000000000005,Dmitry,Sokolov,dmitry.sokolov@example.com,+77010000005
22222222-0000-0000-0000-000000000006,Olga,Smirnova,olga.smirnova@example.com,+77010000006
22222222-0000-0000-0000-000000000007,Andrey,Volkov,andrey.volkov@example.com,+77010000007
22222222-0000-0000-0000-000000000008,Anna,Popova,anna.popova@example.com,+77010000008
22222222-0000-0000-0000-000000000009,Nikita,Fedorov,nikita.fedorov@example.com,+77010000009
22222222-0000-0000-0000-000000000010,Yulia,Belova,yulia.belova@example.com,+77010000010
